{
  "timestamp": "20251210_103234",
  "judge_llm": "Qwen/Qwen2.5-7B-Instruct",
  "evaluations": [
    {
      "model": "Qwen/Qwen2-7B-Instruct",
      "sample_size": 130,
      "faithfulness": 0.6530769230769231,
      "relevancy": 0.9384615384615385,
      "correctness": 0.6661538461538462
    },
    {
      "model": "Qwen/Qwen2.5-7B-Instruct",
      "sample_size": 130,
      "faithfulness": 0.7046153846153846,
      "relevancy": 0.9469230769230769,
      "correctness": 0.6546153846153847
    },
    {
      "model": "meta-llama/Meta-Llama-3-8B-Instruct",
      "sample_size": 130,
      "faithfulness": 0.6092307692307692,
      "relevancy": 0.7961538461538461,
      "correctness": 0.5246153846153846
    }
  ]
}